id,scope_level,region,nation_id,agency_id,county_fips,org,office,role,line_type,phone_e164,phone_display,ext,email,url,hours,published_by_nation,person,source_url,source_publisher,source_kind,source_snippet,verified_at,verified_method,status,preferred,review_due,notes
ct-ca-manchester-band-of-pomo-indians-of-the-manchester-rancheria-california-government-main,nation,CA,us-ca-manchester-band-of-pomo-indians-of-the-manchester-rancheria-california,,,"Manchester Band of Pomo Indians of the Manchester Rancheria, California",Tribal Government Main Line,Tribal government main line,government-main,+17072414795,707-241-4795,,,https://mpapomotribe.com/,,true,,https://mpapomotribe.com/,"Manchester Band of Pomo Indians of the Manchester Rancheria, California",nation-official,Phone: 707-241-4795,2026-10-05,page-text-match,needs-reverification,true,,Page text fetched 10/05/2026.
ct-ca-middletown-rancheria-of-pomo-indians-of-california-government-main,nation,CA,us-ca-middletown-rancheria-of-pomo-indians-of-california,,,Middletown Rancheria of Pomo Indians of California,Tribal Government Main Line,Tribal government main line,government-main,+17079873670,707-987-3670,,,https://www.middletownrancheria-nsn.gov/,,true,,https://www.middletownrancheria-nsn.gov/,Middletown Rancheria of Pomo Indians of California,nation-official,Phone: 707.987.3670,2026-10-05,page-text-match,needs-reverification,true,,Page text fetched 10/05/2026.
ct-ca-paskenta-band-of-nomlaki-indians-of-california-government-main,nation,CA,us-ca-paskenta-band-of-nomlaki-indians-of-california,,,Paskenta Band of Nomlaki Indians of California,Tribal Government Main Line,Tribal government main line,government-main,+15306701750,530-670-1750,,,https://paskenta-nsn.gov/,,true,,https://paskenta-nsn.gov/contact/,Paskenta Band of Nomlaki Indians of California,nation-official,Contact Us 530-670-1750,2026-10-05,page-text-match,needs-reverification,true,,Page text fetched 10/05/2026.
ct-ca-pinoleville-pomo-nation-california-government-main,nation,CA,us-ca-pinoleville-pomo-nation-california,,,"Pinoleville Pomo Nation, California",Tribal Government Main Line,Tribal government main line,government-main,+17074631454,707-463-1454,,,https://pinoleville-nsn.gov/,,true,,https://pinoleville-nsn.gov/contact/,"Pinoleville Pomo Nation, California",nation-official,p. 707.463.1454,2026-10-05,page-text-match,needs-reverification,true,,Page text fetched 10/05/2026.
ct-ca-pit-river-tribe-california-includes-xl-ranch-big-bend-likely-lookout-montgomery-government-main,nation,CA,us-ca-pit-river-tribe-california,,,"Pit River Tribe, California (includes XL Ranch, Big Bend, Likely, Lookout, Montgomery Creek, and Roaring Creek Rancherias)",Tribal Government Main Line,Tribal government main line,government-main,+15303355421,530-335-5421,,,https://pitrivertribe.gov/,,true,,https://pitrivertribe.gov/contact/,"Pit River Tribe, California (includes XL Ranch, Big Bend, Likely, Lookout, Montgomery Creek, and Roaring Creek Rancherias)",nation-official,Phone: (530) 335-5421,2026-10-05,page-text-match,needs-reverification,true,,Page text fetched 10/05/2026.
ct-ca-potter-valley-tribe-california-government-main,nation,CA,us-ca-potter-valley-tribe-california,,,"Potter Valley Tribe, California",Tribal Government Main Line,Tribal government main line,government-main,+17074621213,707-462-1213,,,https://pottervalleytribe.com/,,true,,https://pottervalleytribe.com/,"Potter Valley Tribe, California",nation-official,Phone (707) 462-1213,2026-10-05,page-text-match,needs-reverification,true,,Page text fetched 10/05/2026.
ct-ca-puliklatribe-of-yurok-people-previously-listed-as-resighini-rancheria-california-government-main,nation,CA,us-ca-puliklatribe-of-yurok-people,,,Pulikla Tribe of Yurok People,Tribal Government Main Line,Tribal government main line,government-main,+17074822431,707-482-2431,,,https://puliklatribe.gov/,,true,,https://puliklatribe.gov/contact/,Pulikla Tribe of Yurok People,nation-official,Phone: 707-482-2431,2026-10-05,page-text-match,needs-reverification,true,,Page text fetched 10/05/2026.
ct-ca-quartz-valley-indian-community-of-the-quartz-valley-reservation-of-california-government-main,nation,CA,us-ca-quartz-valley-indian-community-of-the-quartz-valley-reservation-of-california,,,Quartz Valley Indian Community of the Quartz Valley Reservation of California,Tribal Government Main Line,Tribal government main line,government-main,+15304685907,530-468-5907,,,https://qvir.com/,,true,,https://qvir.com/,Quartz Valley Indian Community of the Quartz Valley Reservation of California,nation-official,Phone: (530) 468-5907,2026-10-05,page-text-match,needs-reverification,true,,Page text fetched 10/05/2026.
ct-ca-redding-rancheria-california-government-main,nation,CA,us-ca-redding-rancheria-california,,,"Redding Rancheria, California",Tribal Government Main Line,Tribal government main line,government-main,+15302258979,530-225-8979,,,https://www.reddingrancheria-nsn.gov/,,true,,https://www.reddingrancheria-nsn.gov/contact-us/,"Redding Rancheria, California",nation-official,"Redding Rancheria Tribal Government 2000 Redding Rancheria Road Redding, CA 96001 Phone: 530-225-8979",2026-10-05,page-text-match,needs-reverification,true,,Page text fetched 10/05/2026.
ct-ca-redwood-valley-or-little-river-band-of-pomo-indians-of-the-redwood-valley-government-main,nation,CA,us-ca-redwood-valley-or-little-river-band-of-pomo-indians-of-the-redwood-valley,,,Redwood Valley or Little River Band of Pomo Indians of the Redwood Valley Rancheria California,Tribal Government Main Line,Tribal government main line,government-main,+17074850361,707-485-0361,,,https://www.rvrpomo.net/,,true,,https://www.rvrpomo.net/,Redwood Valley or Little River Band of Pomo Indians of the Redwood Valley Rancheria California,nation-official,Phone: (707) 485-0361,2026-10-05,page-text-match,needs-reverification,true,,Page text fetched 10/05/2026.
ct-ca-robinson-rancheria-government-main,nation,CA,us-ca-robinson-rancheria,,,Robinson Rancheria,Tribal Government Main Line,Tribal government main line,government-main,+17072750527,707-275-0527,,,https://rrcbc-nsn.gov,,true,,https://rrcbc-nsn.gov,Robinson Rancheria,nation-official,Contact webmaster@rrcbc-nsn.gov (707) 275-0527,2026-10-05,page-text-match,needs-reverification,true,,Page text fetched 10/05/2026.
ct-ca-round-valley-indian-tribes-round-valley-reservation-california-government-main,nation,CA,us-ca-round-valley-indian-tribes-round-valley-reservation-california,,,"Round Valley Indian Tribes, Round Valley Reservation, California",Tribal Government Main Line,Tribal government main line,government-main,+17079836126,707-983-6126,,,https://www.rvit.org/,,true,,https://www.rvit.org/contact,"Round Valley Indian Tribes, Round Valley Reservation, California",nation-official,Administration Phone: (707) 983-6126,2026-10-05,page-text-match,needs-reverification,true,,Page text fetched 10/05/2026.
ct-ca-scotts-valley-band-of-pomo-indians-of-california-government-main,nation,CA,us-ca-scotts-valley-band-of-pomo-indians-of-california,,,Scotts Valley Band of Pomo Indians of California,Tribal Government Main Line,Tribal government main line,government-main,+17072634220,707-263-4220,,,,,false,,"https://services1.arcgis.com/UxqqIfhng71wUT9x/arcgis/rest/services/TribalLeadership_Directory/FeatureServer/0/query?where=OBJECTID%3D468&outFields=tribefullname,phone&returnGeometry=false&f=json",U.S. Bureau of Indian Affairs Tribal Leaders Directory (ArcGIS feature service),federal-directory,"""phone"":""(707) 263-4220""",2026-10-05,federal-directory,needs-reverification,true,,"Fallback line per ruling Q5; BIA directory snapshot captured 10/04/2026, read 10/05/2026. Nation site returned HTTP 403 to automated fetch on 10/05/2026; confirm with the Nation."
ct-ca-sherwood-valley-rancheria-of-pomo-indians-of-california-government-main,nation,CA,us-ca-sherwood-valley-rancheria-of-pomo-indians-of-california,,,Sherwood Valley Rancheria of Pomo Indians of California,Tribal Government Main Line,Tribal government main line,government-main,+17074599690,707-459-9690,,,https://www.sherwoodvalleybandofpomo.com/,,true,,https://www.sherwoodvalleybandofpomo.com/,Sherwood Valley Rancheria of Pomo Indians of California,nation-official,Telephone: (707) 459-9690,2026-10-05,page-text-match,needs-reverification,true,,Page text fetched 10/05/2026.
ct-ca-susanville-indian-rancheria-california-government-main,nation,CA,us-ca-susanville-indian-rancheria-california,,,"Susanville Indian Rancheria, California",Tribal Government Main Line,Tribal government main line,government-main,+15302576264,530-257-6264,,,https://www.sir-nsn.gov/,,true,,https://www.sir-nsn.gov/,"Susanville Indian Rancheria, California",nation-official,Phone: (530) 257-6264,2026-10-05,page-text-match,needs-reverification,true,,Page text fetched 10/05/2026.
ct-ca-tolowa-dee-ni-nation-government-main,nation,CA,us-ca-tolowa-dee-ni-nation,,,Tolowa Dee-ni' Nation,Tribal Government Main Line,Tribal government main line,government-main,+17074879255,707-487-9255,,,https://www.tolowa.gov/,,true,,https://www.tolowa.gov/,Tolowa Dee-ni' Nation,nation-official,Phone: 707-487-9255,2026-10-05,page-text-match,needs-reverification,true,,Page text fetched 10/05/2026.
ct-ca-wiyot-tribe-california-government-main,nation,CA,us-ca-wiyot-tribe-california,,,"Wiyot Tribe, California",Tribal Government Main Line,Tribal government main line,government-main,+17077335055,707-733-5055,,,https://www.wiyot.us/,,true,,https://www.wiyot.us/,"Wiyot Tribe, California",nation-official,Phone: 707-733-5055,2026-10-05,page-text-match,needs-reverification,true,,Page text fetched 10/05/2026.
ct-ca-yurok-tribe-of-the-yurok-reservation-california-government-main,nation,CA,us-ca-yurok-tribe-of-the-yurok-reservation-california,,,"Yurok Tribe of the Yurok Reservation, California",Tribal Government Main Line,Tribal government main line,government-main,+17074821350,707-482-1350,,,https://www.yuroktribe.org/,,true,,https://www.yuroktribe.org/,"Yurok Tribe of the Yurok Reservation, California",nation-official,Phone: (707) 482-1350 or toll free (855),2026-10-05,page-text-match,needs-reverification,true,,Page text fetched 10/05/2026.
ct-ca-yurok-tribe-of-the-yurok-reservation-california-non-emergency,nation,CA,us-ca-yurok-tribe-of-the-yurok-reservation-california,,,"Yurok Tribe of the Yurok Reservation, California",Yurok Tribal Police,Tribal police non-emergency line,non-emergency,+17072375702,707-237-5702,,,https://www.yuroktribe.org/contact,,true,,https://www.yuroktribe.org/contact,"Yurok Tribe of the Yurok Reservation, California",nation-official,PUBLIC SAFETY DIVISION - 9020 Fire - 9000 Office of Emergency Services (OES) - 9030 Prosecutor - 9050 Tribal Police - (707) 237-5702,2026-10-05,page-text-match,needs-reverification,false,,Not stated on the page whether this line is emergency or non-emergency or its hours; confirm with the Nation. Yurok Office of Emergency Services is listed by extension 9030 only; no direct number published.
ct-ca-yurok-tribe-of-the-yurok-reservation-california-toll-free,nation,CA,us-ca-yurok-tribe-of-the-yurok-reservation-california,,,"Yurok Tribe of the Yurok Reservation, California",Yurok Tribe Toll Free Line,Tribal government toll-free line,government-main,+18555598765,855-559-8765,,,https://www.yuroktribe.org/contact,,true,,https://www.yuroktribe.org/contact,"Yurok Tribe of the Yurok Reservation, California",nation-official,Yurok Tribe Toll Free: 855-55-YUROK (855-559-8765) or (707) 440-1850,2026-10-05,page-text-match,needs-reverification,false,,Eureka office alternate (707) 440-1850 listed on the same page.
